Title,Link
View our Construction projects page,/en/development-and-construction/construction-projects.aspx
Parking,/en/parking.aspx
View our Youth summer employment support page,/en/taxes-utilities-and-finance/youth-summer-employment-support.aspx
View our City of Kitchener donates land to Habitat for Humanity WR for affordable home ownership build page,/en/news/city-of-kitchener-donates-land-to-habitat-for-humanity-wr-for-affordable-home-ownership-build.aspx
View our Public education page,/en/living-in-kitchener/public-education.aspx
View our Building requests page,/en/development-and-construction/building-requests.aspx
View our Utilities page,/en/taxes-utilities-and-finance/utilities.aspx
View our Commissioning documents page,/en/living-in-kitchener/commissioning-documents.aspx
View our Residents unveil ‘Every Child Matters’ crosswalk to honour residential school survivors page,/en/news/residents-unveil-every-child-matters-crosswalk-to-honour-residential-school-survivors.aspx
View our School year programs page,/en/recreation-and-sports/school-year-programs.aspx
View our PARTS study areas page,/en/strategic-plans-and-projects/parts-study-areas.aspx
View our Supporting your business page,/en/business-in-kitchener/supporting-your-business.aspx
View our Book a field page,/en/recreation-and-sports/book-a-field.aspx
View our Freedom of information page,/en/council-and-city-administration/freedom-of-information.aspx
View our Closed meeting investigations page,/en/council-and-city-administration/closed-meeting-investigations.aspx
"View our History, folklore and traditions page",/en/arts-culture-and-events/history-folklore-and-traditions.aspx
Kitchener Tech Connects,/en/recreation-and-sports/kitchener-tech-connects.aspx
View our Overnight parking exemptions page,/en/parking/overnight-parking-exemptions.aspx
View our Emerald ash borer page,/en/water-and-environment/emerald-ash-borer.aspx
View our MyKitchener: How to manage your notifications page,/en/support/mykitchener-how-to-manage-your-notifications.aspx
View our Parks and trails page,/en/parks-and-trails.aspx
View our Direct Detect page,/en/living-in-kitchener/direct-detect.aspx
View our Golf memberships page,/en/recreation-and-sports/golf-memberships.aspx
View our Business licences page,/en/business-in-kitchener/business-licences.aspx
View our Christkindl Market vendors page,/en/arts-culture-and-events/christkindl-market-vendors.aspx
View our Storm and emergency updates page,/en/council-and-city-administration/storm-and-emergency-updates.aspx
Transportation initiatives,/en/roads-and-cycling/transportation-initiatives.aspx
View our Licences page,/en/business-in-kitchener/licences.aspx
,/en/arts-culture-and-events/caribana-ignite.aspx
View our Victoria Park Pavilion page,/en/arts-culture-and-events/victoria-park-pavilion.aspx
Children and youth programs,/en/recreation-and-sports/children-and-youth-programs.aspx
View our Municipal Election Compliance Audit Committee page,/en/council-and-city-administration/municipal-election-compliance-audit-committee.aspx
View our How to book ice time at The Aud or one of the arenas page,/en/recreation-and-sports/how-to-book-ice-time-at-the-aud-or-one-of-the-arenas.aspx
Guides,/en/business-in-kitchener/guides.aspx
Business development,/en/business-in-kitchener/business-development.aspx
View our Property tax sale process page,/en/taxes-utilities-and-finance/property-tax-sale-process.aspx
View our Heritage funding page,/en/taxes-utilities-and-finance/heritage-funding.aspx
Strategic plan,/en/strategic-plans-and-projects/strategic-plan.aspx
View our Getting Around map page,/en/living-in-kitchener/getting-around-map.aspx
View our Heritage properties and districts page,/en/development-and-construction/heritage-properties-and-districts.aspx
View our Grants and incentives page,/en/taxes-utilities-and-finance/grants-and-incentives.aspx
View our Starting a business page,/en/business-in-kitchener/starting-a-business.aspx
View our Mental health resources page,/en/recreation-and-sports/mental-health-resources.aspx
View our Additional dwelling units page,/en/building-and-renovating/additional-dwelling-units.aspx
View our How to apply for a job page,/en/jobs-and-volunteering/how-to-apply-for-a-job.aspx
View our Shopping page,/en/living-in-kitchener/shopping.aspx
View our Vision Zero page,/en/strategic-plans-and-projects/vision-zero.aspx
Recreation and sports,/en/recreation-and-sports.aspx
View our Top reasons to work for us page,/en/jobs-and-volunteering/top-reasons-to-work-for-us.aspx
Facility rentals,/en/arts-culture-and-events/facility-rentals.aspx
View our MyKitchener support page,/en/support.aspx
View our Report a fire safety hazard page,/en/living-in-kitchener/report-a-fire-safety-hazard.aspx
View our Find a place to park page,/en/parking/find-a-place-to-park.aspx
View our Open data page,/en/council-and-city-administration/open-data.aspx
View our Swimming lessons page,/en/pools-and-swimming/swimming-lessons.aspx
Development and construction,/en/development-and-construction.aspx
Guides,/en/recreation-and-sports/guides.aspx
View our Sanitary sewer system page,/en/water-and-environment/sanitary-sewer-system.aspx
View our Councillor Ayo Owodunni page,/en/council-and-city-administration/councillor-ayo-owodunni.aspx
Sponsorship and advertising,/en/business-in-kitchener/sponsorship-and-advertising.aspx
View our Sign permits page,/en/development-and-construction/sign-permits.aspx
View our Transportation initiatives page,/en/roads-and-cycling/transportation-initiatives.aspx
View our Kitchener Tech Connects page,/en/recreation-and-sports/kitchener-tech-connects.aspx
View our Councillor Scott Davey page,/en/council-and-city-administration/councillor-scott-davey.aspx
View our BYLD program page,/en/recreation-and-sports/byld-program.aspx
Public education,/en/living-in-kitchener/public-education.aspx
Understanding city planning,/en/development-and-construction/understanding-city-planning.aspx
View our Stormwater credits page,/en/water-and-environment/stormwater-credits.aspx
View our Plan an event page,/en/arts-culture-and-events/plan-an-event.aspx
View our Energy management page,/en/water-and-environment/energy-management.aspx
Open file in new window: Resources for builders and developers,/en/development-and-construction/resources-for-builders-and-developers.aspx
Mayor and council,/en/council-and-city-administration/mayor-and-council.aspx
View our Official Plan amendment page,/en/development-and-construction/official-plan-amendment.aspx
View our Watermain break repairs page,/en/living-in-kitchener/watermain-break-repairs.aspx
Kitchener events website page,/en/arts-culture-and-events/kitchener-events.aspx
View our Programs for those with disabilities page,/en/recreation-and-sports/programs-for-those-with-disabilities.aspx
Memberships,/en/recreation-and-sports/golf-memberships.aspx
View our Plan of condominium page,/en/development-and-construction/plan-of-condominium.aspx
View our Williamsburg Community Centre page,/en/recreation-and-sports/williamsburg-community-centre.aspx
View our Leadership development page,/en/council-and-city-administration/leadership-development.aspx
View our Grand River Accessibility Advisory Committee page,/en/council-and-city-administration/grand-river-accessibility-advisory-committee.aspx
View our Driveway widening page,/en/building-and-renovating/driveway-widening.aspx
View our Building applications and standard forms page,/en/development-and-construction/building-applications-and-standard-forms.aspx
View our Find a job page,/en/jobs-and-volunteering/find-a-job.aspx
View our How to dispute a parking or non-parking ticket page,/en/parking/how-to-dispute-a-parking-ticket.aspx
View our Guides page,/en/bylaws-and-enforcement/guides.aspx
View our Part-lot control page,/en/development-and-construction/part-lot-control.aspx
Click here to view Featured Event,/en/arts-culture-and-events/neighbours-day.aspx
View our Accessibility and inclusion page,/en/recreation-and-sports/accessibility-and-inclusion.aspx
View our Registration dates page,/en/recreation-and-sports/registration-dates.aspx
View our Sponsorship and advertising page,/en/business-in-kitchener/sponsorship-and-advertising.aspx
Trees and invasive species,/en/water-and-environment/trees.aspx
View our Cooking fire safety page,/en/living-in-kitchener/cooking-fire-safety.aspx
View our Zoning bylaw page,/en/development-and-construction/zoning-bylaw.aspx
View our Young Art page,/en/arts-culture-and-events/young-art.aspx
View our New Year's Eve page,/en/arts-culture-and-events/new-years-eve.aspx
Public art,/en/arts-culture-and-events/public-art.aspx
View our Property standards page,/en/building-and-renovating/property-standards.aspx
View our Biography page,/en/council-and-city-administration/biography.aspx
View our Integrity commissioner page,/en/council-and-city-administration/integrity-commissioner.aspx
View our Family Day page,/en/arts-culture-and-events/family-day.aspx
View our Country Hills Community Centre page,/en/recreation-and-sports/country-hills-community-centre.aspx
View our Stormwater management page,/en/water-and-environment/stormwater-management.aspx
View our How to request an overnight parking exemption page,/en/parking/how-to-request-an-overnight-parking-exemption.aspx
View our Past budgets page,/en/taxes-utilities-and-finance/past-budgets.aspx
Guides,/en/jobs-and-volunteering/guides.aspx
Building permits,/en/development-and-construction/building-permits.aspx
Your home and property,/en/building-and-renovating/your-home-and-property.aspx
View our Residential intensification in established neighbourhoods study page,/en/strategic-plans-and-projects/riens.aspx
Arenas,/en/recreation-and-sports/arenas.aspx
View our Tobogganing hills page,/en/parks-and-trails/tobogganing-hills.aspx
View our PARTS phases 1 and 2 page,/en/strategic-plans-and-projects/parts-phases-1-and-2.aspx
View our Artist in Residence page,/en/arts-culture-and-events/artist-in-residence.aspx
View our Trees and invasive species page,/en/water-and-environment/trees.aspx
View our Engineering page,/en/development-and-construction/engineering.aspx
View our 2019 budget page,/en/taxes-utilities-and-finance/2019-budget.aspx
View our Donations for Every Kid Counts page,/en/taxes-utilities-and-finance/donations-for-every-kid-counts.aspx
View our Connected @ Home page,/en/recreation-and-sports/connected-at-home.aspx
"View our Taxes, utilities and finance page",/en/taxes-utilities-and-finance.aspx
View our New Year's Levee page,/en/arts-culture-and-events/new-years-levee.aspx
View our How to apply for a noise exemption page,/en/bylaws-and-enforcement/how-to-apply-for-a-noise-exemption.aspx
View our Ongoing groups page,/en/recreation-and-sports/ongoing-groups.aspx
View our MyKitchener support videos page,/en/support/mykitchener-support-videos.aspx
"Leaves, snow and garbage",/en/living-in-kitchener/leaves-snow-and-garbage.aspx
View our Discounts for adults 55+ page,/en/recreation-and-sports/discounts-for-adults-55.aspx
View our Backyard pools and hot tubs page,/en/building-and-renovating/backyard-pools-and-hot-tubs.aspx
View our Leaf collection page,/en/living-in-kitchener/leaf-collection.aspx
View our Indigenous reconciliation page,/en/strategic-plans-and-projects/indigenous-reconciliation.aspx
Environment,/en/water-and-environment/environment.aspx
View our Community Development Infrastructure Program page,/en/taxes-utilities-and-finance/community-development-infrastructure-program.aspx
Doon Valley Golf Course,/en/recreation-and-sports/doon-valley-golf-course.aspx
Building and renovating,/en/building-and-renovating.aspx
View our Flooding page,/en/living-in-kitchener/flooding.aspx
View our Kitchener Fire Department page,/en/living-in-kitchener/kitchener-fire-department.aspx
View our Growing Together page,/en/strategic-plans-and-projects/growing-together.aspx
View our Paying your financial services invoice page,/en/taxes-utilities-and-finance/financial-service-invoices.aspx
View our Accountability and transparency page,/en/council-and-city-administration/accountability-and-transparency.aspx
View our MyKitchener: How to set up your tax and utility widgets page,/en/support/mykitchener-how-to-set-up-your-tax-and-utility-widgets.aspx
Neighbourhood planning reviews,/en/strategic-plans-and-projects/neighbourhood-planning-reviews.aspx
View our Neighbourhood development guide page,/en/development-and-construction/neighbourhood-development-guide.aspx
View our Construction page,/en/development-and-construction/construction.aspx
View our Bike infrastructure page,/en/roads-and-cycling/bike-infrastructure.aspx
Community centres,/en/recreation-and-sports/community-centres.aspx
View our Travel assistance grant page,/en/taxes-utilities-and-finance/travel-assistance-grant.aspx
View our People Plan page,/en/jobs-and-volunteering/people-plan.aspx
Economic development,/en/business-in-kitchener/economic-development.aspx
Data and maps,/en/council-and-city-administration/data-and-maps.aspx
View our State of the City page,/en/arts-culture-and-events/state-of-the-city.aspx
View our Idlewood outdoor pool page,/en/pools-and-swimming/idlewood-outdoor-pool.aspx
View our Mill Courtland Community Centre public art opportunity page,/en/arts-culture-and-events/mill-courtland-community-centre-public-art-opportunity.aspx
Swimming pools,/en/pools-and-swimming/pools.aspx
View our Trillium Trail page,/en/parks-and-trails/trillium-trail.aspx
View our City Hall rentals page,/en/arts-culture-and-events/city-hall-rentals.aspx
View our Land use planning and development videos page,/en/development-and-construction/land-use-planning-and-development-videos.aspx
View our Great Places Awards page,/en/council-and-city-administration/great-places-awards.aspx
About Kitchener,/en/council-and-city-administration/about-kitchener.aspx
View our Using your Leisure Access funds page,/en/recreation-and-sports/using-your-leisure-access-funds.aspx
View our Public art for developers page,/en/arts-culture-and-events/public-art-for-developers.aspx
View our Centreville Chicopee Community Centre page,/en/recreation-and-sports/centreville-chicopee-community-centre.aspx
"Taxes, utilities and finance",/en/taxes-utilities-and-finance.aspx
View our Walking tours page,/en/arts-culture-and-events/walking-tours.aspx
View our Contact us page,/en/contact-us.aspx
Water and environment,/en/water-and-environment.aspx
View our Appear as a delegation page,/en/council-and-city-administration/appear-as-a-delegation.aspx
Fire safety,/en/development-and-construction/fire-safety.aspx
View our Advertising opportunities page,/en/business-in-kitchener/advertising-opportunities.aspx
View our Victoria Hills Community Centre page,/en/recreation-and-sports/victoria-hills-community-centre.aspx
View our Strategic Plan for the Environment page,/en/strategic-plans-and-projects/strategic-plan-for-the-environment.aspx
View our Termites page,/en/building-and-renovating/termites.aspx
View our Councillor Jason Deneault page,/en/council-and-city-administration/councillor-jason-deneault.aspx
View our Kitchener Indoor Recreation Complex (KIRC) page,/en/strategic-plans-and-projects/kitchener-indoor-recreation-complex-kirc.aspx
View our Councillor Stephanie Stretch page,/en/council-and-city-administration/councillor-stephanie-stretch.aspx
View our Building Kitchener Together page,/en/strategic-plans-and-projects/building-kitchener-together.aspx
View our Wilson outdoor pool page,/en/pools-and-swimming/wilson-outdoor-pool.aspx
View our Environment page,/en/water-and-environment/environment.aspx
View our Walter Bean Grand River Trail page,/en/parks-and-trails/walter-bean-grand-river-trail.aspx
View our Births and deaths page,/en/living-in-kitchener/births-and-deaths.aspx
View our Cruising on King page,/en/arts-culture-and-events/cruising-on-king.aspx
View our E-bike and e-scooter program beginning in Waterloo Region page,/en/news/e-bike-and-e-scooter-program-beginning-in-waterloo-region.aspx
View our Façade grant program page,/en/taxes-utilities-and-finance/facade-grant-program.aspx
View our Textnet page,/en/recreation-and-sports/textnet.aspx
,/en/arts-culture-and-events/wayback-festival.aspx
View our Advisory committees and boards page,/en/council-and-city-administration/advisory-committees-and-boards.aspx
Bylaws and enforcement,/en/bylaws-and-enforcement.aspx
View our Berlin Tower ARTSPACE page,/en/arts-culture-and-events/berlin-tower-artspace.aspx
Visit our strategic plan and business plan page,/en/strategic-plans-and-projects/strategic-plan.aspx
View our Startup grant program page,/en/taxes-utilities-and-finance/startup-grant-program.aspx
Business in Kitchener,/en/business-in-kitchener.aspx
View our Become a vendor page,/en/arts-culture-and-events/become-a-vendor.aspx
View our School tours page,/en/recreation-and-sports/school-tours.aspx
View our Assistive devices page,/en/recreation-and-sports/assistive-devices.aspx
View our Zoning bylaw amendment page,/en/development-and-construction/zoning-bylaw-amendment.aspx
View our Bylaws (municipal code) page,/en/bylaws-and-enforcement/municipal-code.aspx
View our Parking bylaws page,/en/bylaws-and-enforcement/parking-bylaws.aspx
View our Requests and invitations page,/en/council-and-city-administration/requests-and-invitations.aspx
View our Building permit fees page,/en/development-and-construction/building-permit-fees.aspx
Official Plan,/en/development-and-construction/official-plan.aspx
View our Emergency planning page,/en/living-in-kitchener/emergencies.aspx
Program registration,/en/recreation-and-sports/program-registration.aspx
View our Demolition control page,/en/development-and-construction/demolition-control.aspx
View our Bringing toys to Kitchener parks page,/en/parks-and-trails/bringing-toys-to-kitchener-parks.aspx
View our Cedar Hill and Schneider Creek page,/en/strategic-plans-and-projects/cedar-hill-and-schneider-creek.aspx
View our Sanitary or stormwater discharge permits page,/en/development-and-construction/sanitary-or-stormwater-discharge-permits.aspx
View our Caribana Ignite page,/en/arts-culture-and-events/caribana-ignite.aspx
View our Property taxes page,/en/taxes-utilities-and-finance/property-taxes.aspx
View our procurement page,/en/business-in-kitchener/procurement.aspx
View our Natural gas emergency page,/en/living-in-kitchener/natural-gas-emergency.aspx
View our Growth management page,/en/strategic-plans-and-projects/growth-management.aspx
Parks and trails,/en/parks-and-trails.aspx
View our Stanley Park Community Centre page,/en/recreation-and-sports/stanley-park-community-centre.aspx
View our Living in Kitchener page,/en/living-in-kitchener.aspx
View our About Kitchener Fire page,/en/living-in-kitchener/about-kitchener-fire.aspx
View our Lifeguarding and leadership page,/en/pools-and-swimming/lifeguarding-and-leadership.aspx
View our Roads and cycling page,/en/roads-and-cycling.aspx
View our Parking page,/en/parking.aspx
Open new window to view https://www.kitchener.ca/en/city-services/comprehensive-review-of-the-zoning-by-law-crozby.aspx,/en/city-services/comprehensive-review-of-the-zoning-by-law-crozby.aspx
View our Fun facts page,/en/council-and-city-administration/fun-facts.aspx
View our Mill Courtland Woodside Park/Rockway page,/en/strategic-plans-and-projects/mill-courtland-woodside-park-rockway.aspx
View our Fire and carbon monoxide alarms page,/en/living-in-kitchener/fire-and-carbon-monoxide-alarms.aspx
View our Tax and utility e-billing page,/en/taxes-utilities-and-finance/tax-and-utility-e-billing.aspx
View our RISE Fund: Racialized and Indigenous Supports for Equity page,/en/taxes-utilities-and-finance/rise-fund-racialized-and-indigenous-supports-for-equity.aspx
View our Urban design page,/en/development-and-construction/urban-design.aspx
View our Community grants page,/en/taxes-utilities-and-finance/community-grants.aspx
View our Zoning (occupancy) certificate page,/en/development-and-construction/zoning-occupancy-certificate.aspx
View our Procurement page,/en/business-in-kitchener/procurement.aspx
View our Residential dwelling units page,/en/building-and-renovating/residential-dwelling-units.aspx
View our Budget and financial reports page,/en/taxes-utilities-and-finance/budget.aspx
Cycling and scooters,/en/roads-and-cycling/cycling.aspx
View our Coyotes and wildlife page,/en/bylaws-and-enforcement/coyotes-and-wildlife.aspx
"View our Leaves, snow and garbage page",/en/living-in-kitchener/leaves-snow-and-garbage.aspx
View our Youth video contest page,/en/recreation-and-sports/youth-video-contest.aspx
View our MyKitchener: How to create an account and log in or out page,/en/support/mykitchener-how-to-create-an-account-and-log-in-or-out.aspx
Pools,/en/pools-and-swimming/pools.aspx
"View our Tax adjustments, rebates and deferrals page",/en/taxes-utilities-and-finance/tax-adjustments-rebates-and-deferrals.aspx
View our Mayor's Advisory Council for Kitchener Seniors page,/en/council-and-city-administration/mayor-s-advisory-council-for-kitchener-seniors.aspx
View our Parking tickets page,/en/parking/parking-tickets.aspx
View our Mill Courtland Community Centre page,/en/recreation-and-sports/mill-courtland-community-centre.aspx
View our Volunteer with us page,/en/jobs-and-volunteering/volunteer-with-us.aspx
Leisure Access (fee assistance),/en/recreation-and-sports/leisure-access-fee-assistance.aspx
View our WelcomeFest page,/en/arts-culture-and-events/welcomefest.aspx
View our Neighbourhood planning reviews page,/en/strategic-plans-and-projects/neighbourhood-planning-reviews.aspx
View our Watermains page,/en/water-and-environment/watermains.aspx
Seniors,/en/recreation-and-sports/seniors.aspx
Visit our contact us page,/en/contact-us.aspx
Guides,/en/bylaws-and-enforcement/guides.aspx
Parks,/en/parks-and-trails/parks.aspx
View our Kitchener Youth Crew page,/en/council-and-city-administration/kitchener-youth-crew.aspx
View our Tax questions page,/en/taxes-utilities-and-finance/tax-questions.aspx
View our Lower Doon page,/en/strategic-plans-and-projects/lower-doon.aspx
View our 2021 budget page,/en/taxes-utilities-and-finance/2021-budget.aspx
View our Victoria Park planning review page,/en/strategic-plans-and-projects/victoria-park-planning-review.aspx
,/en/arts-culture-and-events/plan-an-event.aspx
View our Spurline Trail page,/en/parks-and-trails/spurline-trail.aspx
View our Chandler Mowat Community Centre page,/en/recreation-and-sports/chandler-mowat-community-centre.aspx
View our Building standards page,/en/development-and-construction/building-standards.aspx
View our Kidspark page,/en/arts-culture-and-events/kidspark.aspx
Kitchener Fire Department,/en/living-in-kitchener/kitchener-fire-department.aspx
View our How to report graffiti page,/en/bylaws-and-enforcement/how-to-report-graffiti.aspx
View our Eat and drink page,/en/arts-culture-and-events/eat-and-drink.aspx
View our Site alteration page,/en/development-and-construction/site-alteration.aspx
View our How to apply for a business licence page,/en/business-in-kitchener/how-to-apply-for-a-business-licence.aspx
View our K-W Hospital/Midtown page,/en/strategic-plans-and-projects/k-w-hospital-midtown.aspx
View our How to pay a parking or non-parking ticket page,/en/parking/how-to-pay-a-parking-ticket.aspx
View our Municipal advocacy page,/en/council-and-city-administration/municipal-advocacy.aspx
View our Inclusion support page,/en/recreation-and-sports/inclusion-support.aspx
View our Heritage Bridge in Victoria Park temporarily closing for repairs page,/en/news/heritage-bridge-in-victoria-park-temporarily-closing-for-repairs.aspx
View our Christkindl Market page,/en/arts-culture-and-events/christkindl-market.aspx
View our Salary disclosure page,/en/taxes-utilities-and-finance/salary-disclosure.aspx
View our Property tax bill inserts page,/en/taxes-utilities-and-finance/property-tax-bill-inserts.aspx
View our Building and renovating page,/en/building-and-renovating.aspx
View our Sports and fitness page,/en/recreation-and-sports/sports-and-fitness.aspx
View our Kitchener hosts groundbreaking for new multi-purpose indoor recreation facility at RBJ Schlegel Park page,/en/news/kitchener-hosts-groundbreaking-for-new-multi-purpose-indoor-recreation-facility-at-rbj-schlegel-park.aspx
Jobs and volunteering,/en/jobs-and-volunteering.aspx
View our How to sign up for ActiveNet page,/en/recreation-and-sports/how-to-sign-up-for-activenet.aspx
View our Strategic plan page,/en/strategic-plans-and-projects/strategic-plan.aspx
View our Kitchener receives $14 million from the province for exceeding 2023 housing target page,/en/news/kitchener-receives-14-million-from-the-province-for-exceeding-2023-housing-target.aspx
View our Urban forest strategy page,/en/strategic-plans-and-projects/urban-forest-strategy.aspx
View our Facility rentals page,/en/arts-culture-and-events/facility-rentals.aspx
View our Stormwater master plan page,/en/strategic-plans-and-projects/stormwater-master-plan.aspx
View our About Kitchener page,/en/council-and-city-administration/about-kitchener.aspx
View our Athletic awards page,/en/council-and-city-administration/athletic-awards.aspx
View our Downtown Kitchener strategy page,/en/business-in-kitchener/downtown-kitchener-strategy.aspx
View our Lyle Hallman Pool page,/en/pools-and-swimming/lyle-hallman-pool.aspx
View our Site plans page,/en/development-and-construction/site-plans.aspx
Christkindl Market,/en/arts-culture-and-events/christkindl-market.aspx
View our Litter page,/en/bylaws-and-enforcement/litter.aspx
View our Feedback about city services page,/en/council-and-city-administration/feedback-about-city-services.aspx
View our Renting in Kitchener page,/en/living-in-kitchener/renting-in-kitchener.aspx
View our Parking in Kitchener page,/en/parking/parking-in-kitchener.aspx
View our Parks strategic plan page,/en/strategic-plans-and-projects/parks-strategic-plan.aspx
View our Pay for monthly parking page,/en/parking/pay-for-monthly-parking.aspx
View our City council page,/en/council-and-city-administration/city-council.aspx
View our Harry Class outdoor pool page,/en/pools-and-swimming/harry-class-outdoor-pool.aspx
View our Bike parking page,/en/parking/bike-parking.aspx
View our Seniors fitness page,/en/recreation-and-sports/seniors-fitness.aspx
,/en/arts-culture-and-events/canada-day.aspx
View our Councillor Paul Singh page,/en/council-and-city-administration/councillor-paul-singh.aspx
"View our Arts, culture and events page",/en/arts-culture-and-events.aspx
View our Guides page,/en/parking/guides.aspx
View our Education page,/en/living-in-kitchener/education.aspx
View our Bylaws and enforcement page,/en/bylaws-and-enforcement.aspx
"Arts, culture and events",/en/arts-culture-and-events.aspx
View our Arenas page,/en/recreation-and-sports/arenas.aspx
View our Become a firefighter page,/en/jobs-and-volunteering/become-a-firefighter.aspx
View our Emergency service policy page,/en/development-and-construction/emergency-service-policy.aspx
View our Backyard pool safety page,/en/living-in-kitchener/backyard-pool-safety.aspx
View our Apply for a building permit page,/en/development-and-construction/apply-for-a-building-permit.aspx
View our Recreation and sports page,/en/recreation-and-sports.aspx
Property taxes,/en/taxes-utilities-and-finance/property-taxes.aspx
View our Your home and property page,/en/building-and-renovating/your-home-and-property.aspx
View our Kingsdale Community Centre page,/en/recreation-and-sports/kingsdale-community-centre.aspx
View our Apply for a business licence page,/en/business-in-kitchener/apply-for-a-business-licence.aspx
View our ICI building permits page,/en/development-and-construction/ici-building-permits.aspx
View our Building permits page,/en/development-and-construction/building-permits.aspx
View our Downtown patios page,/en/business-in-kitchener/downtown-patios.aspx
View our Kitchener Golf Academy page,/en/recreation-and-sports/kitchener-golf-academy.aspx
View our Roos Island access temporarily limited page,/en/news/roos-island-access-temporarily-limited.aspx
View our Program registration page,/en/recreation-and-sports/program-registration.aspx
View our Kitchener takes bold action on housing with Growing Together plan and inclusionary zoning bylaw  page,/en/news/kitchener-takes-bold-action-on-housing-with-growing-together-plan-and-inclusionary-zoning-bylaw.aspx
View our Kitchener in Bloom page,/en/council-and-city-administration/kitchener-in-bloom.aspx
Stormwater,/en/water-and-environment/stormwater.aspx
View our Volunteer opportunities page,/en/jobs-and-volunteering/volunteer-opportunities.aspx
View our Splashpads page,/en/pools-and-swimming/splashpads.aspx
View our Economic development page,/en/business-in-kitchener/economic-development.aspx
Check lesson descriptions,/en/pools-and-swimming/swimming-lessons.aspx
View our Mobile skatepark page,/en/recreation-and-sports/mobile-skatepark.aspx
View our Understanding city planning page,/en/development-and-construction/understanding-city-planning.aspx
View our King Street East page,/en/strategic-plans-and-projects/king-street-east.aspx
View our E-scooters page,/en/roads-and-cycling/e-scooters.aspx
View our Pools page,/en/pools-and-swimming/pools.aspx
View our Councillor Bil Ioannidis page,/en/council-and-city-administration/councillor-bil-ioannidis.aspx
View our Places to visit page,/en/arts-culture-and-events/places-to-visit.aspx
View our Cycling and scooters page,/en/roads-and-cycling/cycling.aspx
View our Fire permits and inspections page,/en/development-and-construction/fire-permits-and-inspections.aspx
Zoning,/en/development-and-construction/zoning.aspx
Summer programs,/en/recreation-and-sports/summer-programs.aspx
Inclusion support,/en/recreation-and-sports/inclusion-support.aspx
View our Kitchener Youth Action Council page,/en/council-and-city-administration/kitchener-youth-action-council.aspx
View our How to hold a lottery or raffle page,/en/business-in-kitchener/how-to-hold-a-lottery-or-raffle.aspx
View our Utility rates page,/en/taxes-utilities-and-finance/utility-rates.aspx
View our City and regional services page,/en/council-and-city-administration/city-and-regional-services.aspx
View our Victoria Street page,/en/strategic-plans-and-projects/victoria-street.aspx
View our Fire Master Plan page,/en/living-in-kitchener/fire-master-plan.aspx
View our Stormwater page,/en/water-and-environment/stormwater.aspx
View our Residential building permits page,/en/building-and-renovating/residential-building-permits.aspx
Pets and animals,/en/bylaws-and-enforcement/pets-and-animals.aspx
View our Water and environment page,/en/water-and-environment.aspx
View our Council and city administration page,/en/council-and-city-administration.aspx
View our Bloomberg Youth Climate Action Fund page,/en/taxes-utilities-and-finance/bloomberg-youth-climate-action-fund.aspx
View our Public transit page,/en/roads-and-cycling/public-transit.aspx
View our Off-site works page,/en/development-and-construction/off-site-works.aspx
View our 2022 budget page,/en/taxes-utilities-and-finance/2022-budget.aspx
Living in Kitchener,/en/living-in-kitchener.aspx
Mayor Berry Vrbanovic,/en/council-and-city-administration/mayor-berry-vrbanovic.aspx
View our How to appeal a property standards complaint page,/en/bylaws-and-enforcement/how-to-appeal-a-property-standards-complaint.aspx
View our Land development applications page,/en/development-and-construction/land-development-applications.aspx
View our Encampments page,/en/living-in-kitchener/encampments.aspx
View our MyKitchener: How to change or reset your password page,/en/support/mykitchener-how-to-change-or-reset-your-password.aspx
View our Forest Heights Pool page,/en/pools-and-swimming/forest-heights-pool.aspx
View our KYAC Youth Awards page,/en/council-and-city-administration/kyac-youth-awards.aspx
View our Patio program page,/en/business-in-kitchener/patio-program.aspx
View our Zoning occupancy certificate page,/en/development-and-construction/zoning-occupancy-certificate.aspx
View our City archives page,/en/council-and-city-administration/city-archives.aspx
View our Development charges page,/en/development-and-construction/development-charges.aspx
View our Kiwanis park and pool page,/en/pools-and-swimming/kiwanis-park-and-pool.aspx
View our Social services page,/en/living-in-kitchener/social-services.aspx
View our Our neighbourhood strategy page,/en/living-in-kitchener/our-neighbourhood-strategy.aspx
View our Site certification page,/en/development-and-construction/site-certification.aspx
View our Digital Kitchener page,/en/strategic-plans-and-projects/digital-kitchener.aspx
View our Building and industry updates page,/en/development-and-construction/building-and-industry-updates.aspx
Civic engagement,/en/council-and-city-administration/civic-engagement.aspx
View our Mayoral decisions page,/en/council-and-city-administration/mayoral-decisions.aspx
View our Artist in Residence call for proposals page,/en/arts-culture-and-events/artist-in-residence-call-for-proposals.aspx
Construction,/en/development-and-construction/construction.aspx
View our Open data licence page,/en/council-and-city-administration/open-data-licence.aspx
View our Hidden Valley page,/en/strategic-plans-and-projects/hidden-valley.aspx
View our Current construction projects page,/en/development-and-construction/current-construction-projects.aspx
Learn about becoming a lifeguard,/en/pools-and-swimming/lifeguarding-and-leadership.aspx
View our Rockin' it at Rockway page,/en/arts-culture-and-events/rockin-it-at-rockway.aspx
View our Mayor page,/en/council-and-city-administration/mayor.aspx
View our Affordable housing incentives page,/en/taxes-utilities-and-finance/affordable-housing-incentives.aspx
View our Business development page,/en/business-in-kitchener/business-development.aspx
View our Tree conservation and management page,/en/water-and-environment/tree-conservation-and-management.aspx
View our Report a problem page,/en/bylaws-and-enforcement/report-a-problem.aspx
View our Film and television page,/en/business-in-kitchener/film-and-television.aspx
View our Corporate sustainability page,/en/water-and-environment/corporate-sustainability.aspx
View our Doon Valley Golf Course page,/en/recreation-and-sports/doon-valley-golf-course.aspx
Kitchener Golf,/en/recreation-and-sports/kitchener-golf.aspx
View our Civic Centre page,/en/strategic-plans-and-projects/civic-centre.aspx
View our Pets and animals page,/en/bylaws-and-enforcement/pets-and-animals.aspx
View our Arts resources page,/en/arts-culture-and-events/arts-resources.aspx
View our City Hall outdoor spaces page,/en/strategic-plans-and-projects/city-hall-outdoor-spaces.aspx
View our Moving to Kitchener page,/en/living-in-kitchener/moving-to-kitchener.aspx
View our Lottery licences page,/en/business-in-kitchener/lottery-licences.aspx
,/en/arts-culture-and-events/neighbours-day.aspx
View our Report a problem form,/en/bylaws-and-enforcement/report-a-problem.aspx
View our Pools and swimming page,/en/pools-and-swimming.aspx
View our Maps page,/en/council-and-city-administration/maps.aspx
View our Ambush the Arts page,/en/recreation-and-sports/ambush-the-arts.aspx
View our Kitchener Public Library page,/en/living-in-kitchener/kitchener-public-library.aspx
View our Minor sports page,/en/recreation-and-sports/minor-sports.aspx
View our In your neighbourhood page,/en/living-in-kitchener/in-your-neighbourhood.aspx
Culture and people,/en/jobs-and-volunteering/culture-and-people.aspx
View our Free or nearly free page,/en/recreation-and-sports/free-or-nearly-free.aspx
"View our MyKitchener: How to add, remove or switch addresses page",/en/support/how-to-add-remove-or-switch-addresses.aspx
View our Fitness classes page,/en/recreation-and-sports/fitness-classes.aspx
,/en/arts-culture-and-events/cruising-on-king.aspx
,/en/arts-culture-and-events/endless-summer.aspx
View our How to book a tee time page,/en/recreation-and-sports/how-to-book-a-tee-time.aspx
View our Culture and people page,/en/jobs-and-volunteering/culture-and-people.aspx
View our Music in Kitchener page,/en/business-in-kitchener/music-in-kitchener.aspx
View our Community centres page,/en/recreation-and-sports/community-centres.aspx
View our Jobs and volunteering page,/en/jobs-and-volunteering.aspx
View our Strategic plans and projects page,/en/strategic-plans-and-projects.aspx
View our Indigenous communities use of space page,/en/arts-culture-and-events/indigenous-communities-use-of-space.aspx
View our Active Kitchener page,/en/recreation-and-sports/active-kitchener.aspx
View our Job opportunities page,/en/jobs-and-volunteering/job-opportunities.aspx
View our Bylaws at home page,/en/living-in-kitchener/bylaws-at-home.aspx
View our Graffiti page,/en/bylaws-and-enforcement/graffiti.aspx
View our Laurentian Trail page,/en/parks-and-trails/laurentian-trail.aspx
View our Road construction page,/en/roads-and-cycling/road-construction.aspx
View our KidsPark page,/en/arts-culture-and-events/kidspark.aspx
View our Transportation master plan page,/en/strategic-plans-and-projects/transportation-master-plan.aspx
Sports and fitness,/en/recreation-and-sports/sports-and-fitness.aspx
Leagues,/en/recreation-and-sports/golf-leagues.aspx
View our Business in Kitchener page,/en/business-in-kitchener.aspx
View our Dog licensing and registration page,/en/bylaws-and-enforcement/dog-licensing-and-registration.aspx
View our Endless Summer page,/en/arts-culture-and-events/endless-summer.aspx
View our Indigenous placemaking at parks and open spaces page,/en/parks-and-trails/indigenous-placemaking.aspx
View our Strategic plan plan page,/en/strategic-plans-and-projects/strategic-plan.aspx
View our Development manual page,/en/development-and-construction/development-manual.aspx
View our Roads page,/en/roads-and-cycling/roads.aspx
View our Grass management page,/en/parks-and-trails/grass-management.aspx
View our Road occupancy or work permits page,/en/development-and-construction/road-occupancy-or-work-permits.aspx
Election,/en/council-and-city-administration/election.aspx
"View our Forest Heights, Henry Sturm and Sandrock Trails page",/en/parks-and-trails/forest-heights-henry-sturm-and-sandrock-trails.aspx
View our Letter of zoning compliance page,/en/development-and-construction/letter-of-zoning-compliance.aspx
View our MyKitchener: How to customize your dashboard page,/en/support/mykitchener-how-to-customize-your-dashboard.aspx
Budget and financial reports,/en/taxes-utilities-and-finance/budget.aspx
View our Doon Pioneer Park Community Centre page,/en/recreation-and-sports/doon-pioneer-park-community-centre.aspx
View our How to pay your taxes page,/en/taxes-utilities-and-finance/how-to-pay-your-taxes.aspx
View our Natural heritage system page,/en/water-and-environment/natural-heritage-system.aspx
Ongoing groups,/en/recreation-and-sports/ongoing-groups.aspx
View our Wedding venues page,/en/arts-culture-and-events/wedding-venues.aspx
View our Week at a glance page,/en/recreation-and-sports/week-at-a-glance.aspx
School year programs,/en/recreation-and-sports/school-year-programs.aspx
View our Breithaupt Centre page,/en/recreation-and-sports/breithaupt-centre.aspx
View our Tax and utility certificates page,/en/taxes-utilities-and-finance/tax-and-utility-certificates.aspx
View our Community engagement page,/en/council-and-city-administration/community-engagement.aspx
View our Cultural heritage in Kitchener page,/en/development-and-construction/cultural-heritage-in-kitchener.aspx
Engineering,/en/development-and-construction/engineering.aspx
View our Joint services with Waterloo page,/en/council-and-city-administration/joint-services-with-waterloo.aspx
View our Breithaupt Centre Pool page,/en/pools-and-swimming/breithaupt-centre-pool.aspx
View our Children and youth programs page,/en/recreation-and-sports/children-and-youth-programs.aspx
View our Corporate Strategy on Equity and Anti-Racism page,/en/strategic-plans-and-projects/corporate-strategy-on-equity-and-anti-racism.aspx
View our Activa Sportsplex page,/en/recreation-and-sports/activa-sportsplex.aspx
Outdoor fitness options,/en/recreation-and-sports/outdoor-fitness-options.aspx
View our Huron Natural Area page,/en/parks-and-trails/huron-natural-area.aspx
View our Summer programs page,/en/recreation-and-sports/summer-programs.aspx
View our Cycling and Trails Master Plan page,/en/strategic-plans-and-projects/cycling-and-trails-master-plan.aspx
View our Rental spaces page,/en/arts-culture-and-events/rental-spaces.aspx
View our Zoning page,/en/development-and-construction/zoning.aspx
View our 2023 budget page,/en/taxes-utilities-and-finance/2023-budget.aspx
View our Swimming lessons and programs page,/en/pools-and-swimming/swimming-lessons-and-programs.aspx
Roads and cycling,/en/roads-and-cycling.aspx
City council,/en/council-and-city-administration/city-council.aspx
View our Iron Horse Trail page,/en/parks-and-trails/iron-horse-trail.aspx
View our Mayor's City Builder Award page,/en/council-and-city-administration/mayors-city-builder-award.aspx
View our 2020 budget page,/en/taxes-utilities-and-finance/2020-budget.aspx
View our Outdoor fitness options page,/en/recreation-and-sports/outdoor-fitness-options.aspx
View our Accessibility Plan page,/en/strategic-plans-and-projects/accessibility-plan.aspx
View our Freedom of information requests page,/en/council-and-city-administration/freedom-of-information-requests.aspx
Leaf collection,/en/living-in-kitchener/leaf-collection.aspx
View our Huron Community Centre page,/en/recreation-and-sports/huron-community-centre.aspx
View our Property assessments page,/en/taxes-utilities-and-finance/property-assessments.aspx
View our Change of ownership or address page,/en/taxes-utilities-and-finance/change-of-ownership-or-address.aspx
View our RBJ Schlegel Park page,/en/parks-and-trails/rbj-schlegel-park.aspx
View our Canada Day page,/en/arts-culture-and-events/canada-day.aspx
Role of city council,/en/council-and-city-administration/role-of-city-council.aspx
View our 2022 election results page,/en/council-and-city-administration/2022-election-results.aspx
View our Downtown Community Centre page,/en/recreation-and-sports/downtown-community-centre.aspx
,/en/arts-culture-and-events/christkindl-market.aspx
View our Black Heritage Month page,/en/arts-culture-and-events/black-heritage-month.aspx
View our Green fees page,/en/recreation-and-sports/green-fees.aspx
View our Kitchener Natural Areas Program page,/en/parks-and-trails/kitchener-natural-areas-program.aspx
View our Miscellaneous permits and applications page,/en/building-and-renovating/miscellaneous-permits-and-applications.aspx
View our Telecommunication towers page,/en/development-and-construction/telecommunication-towers.aspx
Social services,/en/living-in-kitchener/social-services.aspx
View our Backyard chickens page,/en/bylaws-and-enforcement/backyard-chickens.aspx
Guides,/en/parking/guides.aspx
View our How road construction affects you page,/en/roads-and-cycling/how-road-construction-affects-you.aspx
Plans,/en/strategic-plans-and-projects/plans.aspx
View our Election page,/en/council-and-city-administration/election.aspx
View our Snow removal page,/en/living-in-kitchener/snow-removal.aspx
View our Kitchener Golf page,/en/recreation-and-sports/kitchener-golf.aspx
Transparency,/en/council-and-city-administration/transparency.aspx
View our Councillor Debbie Chapman page,/en/council-and-city-administration/councillor-debbie-chapman.aspx
View our Election accessibility plan page,/en/council-and-city-administration/election-accessibility-plan.aspx
View our Sports programs page,/en/recreation-and-sports/sports-programs.aspx
View our Age Friendly Kitchener Action Plan page,/en/strategic-plans-and-projects/age-friendly-kitchener-action-plan.aspx
View our Municipal election financial statements page,/en/council-and-city-administration/municipal-election-financial-statements.aspx
View our MyKitchener: How to give us feedback page,/en/support/mykitchener-how-to-give-us-feedback.aspx
Utilities,/en/taxes-utilities-and-finance/utilities.aspx
View our Subwatershed studies page,/en/water-and-environment/subwatershed-studies.aspx
Roads,/en/roads-and-cycling/roads.aspx
View our Noise complaints and exemptions page,/en/bylaws-and-enforcement/noise-complaints-and-exemptions.aspx
View our MyKitchener page,/en/mykitchener.aspx
View our Snow plow priorities map page,/en/living-in-kitchener/snow-plow-priorities-map.aspx
View our Encroachment issues page,/en/building-and-renovating/encroachment-issues.aspx
View our Facility grants page,/en/taxes-utilities-and-finance/facility-grants.aspx
View our Downtown Kitchener Vision page,/en/strategic-plans-and-projects/downtown-kitchener-vision.aspx
Emergency planning,/en/living-in-kitchener/emergencies.aspx
View our Council and committee meetings page,/en/council-and-city-administration/council-and-committee-meetings.aspx
Heritage permits and guidelines,/en/development-and-construction/heritage-permits-and-guidelines.aspx
Past budgets,/en/taxes-utilities-and-finance/past-budgets.aspx
Awards and recognition programs,/en/council-and-city-administration/awards-and-recognition-programs.aspx
View our Roos Island renewal page,/en/strategic-plans-and-projects/roos-island-renewal.aspx
View our Cameron Heights Pool page,/en/pools-and-swimming/cameron-heights-pool.aspx
View our Victoria Park page,/en/parks-and-trails/victoria-park.aspx
View our Role of city council page,/en/council-and-city-administration/role-of-city-council.aspx
View our Councillor Dave Schnider page,/en/council-and-city-administration/councillor-dave-schnider.aspx
View our Events page,/en/arts-culture-and-events/events.aspx
In your neighbourhood,/en/living-in-kitchener/in-your-neighbourhood.aspx
View our Community grants enhance culture and community in Kitchener page,/en/news/community-grants-enhance-culture-and-community-in-kitchener.aspx
View our Wintertime Stories: Public art by Indigenous visual storytellers chosen for new library location page,/en/news/wintertime-stories-public-art-by-indigenous-visual-storytellers-chosen-for-new-library-location.aspx
View our Dogs in parks and on trails page,/en/parks-and-trails/dogs-in-parks-and-on-trails.aspx
Accessibility,/en/accessibility.aspx
View our Understanding your property taxes page,/en/taxes-utilities-and-finance/understanding-your-property-taxes.aspx
Grants and incentives,/en/taxes-utilities-and-finance/grants-and-incentives.aspx
View our Cooling centres page,/en/living-in-kitchener/cooling-centres.aspx
Personal assistance for leisure activities,/en/recreation-and-sports/personal-assistance-for-leisure-activities.aspx
View our Conflict of interest page,/en/council-and-city-administration/conflict-of-interest.aspx
View our Guides page,/en/business-in-kitchener/guides.aspx
View our Bridgeport Community Centre page,/en/recreation-and-sports/bridgeport-community-centre.aspx
View our Swimming programs page,/en/pools-and-swimming/swimming-programs.aspx
View our Outdoor skating rinks page,/en/recreation-and-sports/outdoor-skating-rinks.aspx
View our Parks page,/en/parks-and-trails/parks.aspx
View our Leisure Access (fee assistance) page,/en/recreation-and-sports/leisure-access-fee-assistance.aspx
Events,/en/arts-culture-and-events/events.aspx
View our Watch a meeting page,/en/council-and-city-administration/watch-a-meeting.aspx
View our Privacy policy page,/en/privacy-policy.aspx
View our How to register for a program page,/en/recreation-and-sports/how-to-register-for-a-program.aspx
View our Paying your taxes page,/en/taxes-utilities-and-finance/paying-your-taxes.aspx
Keep your home safe,/en/living-in-kitchener/keep-your-home-safe.aspx
View our McLennan Park page,/en/parks-and-trails/mclennan-park.aspx
View our Asset management page,/en/strategic-plans-and-projects/asset-management.aspx
View our Kitchener Life page,/en/council-and-city-administration/kitchener-life.aspx
Homepage ,/en/index.aspx
View our Guides page,/en/recreation-and-sports/guides.aspx
View our Mayor Berry Vrbanovic page,/en/council-and-city-administration/mayor-berry-vrbanovic.aspx
Cooking fire safety,/en/living-in-kitchener/cooking-fire-safety.aspx
MyKitchener support,/en/support.aspx
View our Sponsorship opportunities page,/en/business-in-kitchener/sponsorship-opportunities.aspx
View our Budget page,/en/taxes-utilities-and-finance/budget.aspx
Trails,/en/parks-and-trails/trails.aspx
View our Pre-submission consultation page,/en/development-and-construction/pre-submission-consultation.aspx
View our Transportation projects page,/en/roads-and-cycling/transportation-projects.aspx
View our Wayback Festival page,/en/arts-culture-and-events/wayback-festival.aspx
View our Website policy page,/en/website-policy.aspx
Assistive devices,/en/recreation-and-sports/assistive-devices.aspx
Volunteer opportunities,/en/jobs-and-volunteering/volunteer-opportunities.aspx
View our Making a claim page,/en/council-and-city-administration/making-a-claim.aspx
View our Seniors page,/en/recreation-and-sports/seniors.aspx
View our Environmental impact study page,/en/water-and-environment/environmental-impact-study.aspx
View our Backflow prevention page,/en/water-and-environment/backflow-prevention.aspx
Rockway Golf Course,/en/recreation-and-sports/rockway-golf-course.aspx
Leadership development,/en/council-and-city-administration/leadership-development.aspx
Calls for proposals,/en/arts-culture-and-events/calls-for-proposals.aspx
View our The Aud page,/en/recreation-and-sports/the-aud.aspx
View our Housing For All page,/en/strategic-plans-and-projects/housing-for-all.aspx
"Theatres, museums and galleries",/en/arts-culture-and-events/theatres-museums-and-galleries.aspx
Council and city administration,/en/council-and-city-administration.aspx
View our The Conrad Centre for the Performing Arts page,/en/arts-culture-and-events/the-conrad-centre-for-the-performing-arts.aspx
View our Rotunda Gallery call for proposals page,/en/arts-culture-and-events/rotunda-gallery-call-for-proposals.aspx
View our Find your city councillor page,/en/council-and-city-administration/find-your-city-councillor.aspx
View our Heritage permits and guidelines page,/en/development-and-construction/heritage-permits-and-guidelines.aspx
View our Current agendas and reports page,/en/council-and-city-administration/current-agendas-and-reports.aspx
View our Comprehensive review of zoning bylaw (CRoZBy) page,/en/development-and-construction/comprehensive-review-of-zoning-bylaw.aspx
View our Keep your home safe page,/en/living-in-kitchener/keep-your-home-safe.aspx
View our How to volunteer with the city page,/en/jobs-and-volunteering/how-to-volunteer-with-the-city.aspx
View our Escape plans page,/en/living-in-kitchener/escape-plans.aspx
Open window to view publication advertising page,/en/business-in-kitchener/publication-advertising.aspx
View our Arts and culture plan page,/en/strategic-plans-and-projects/arts-and-culture-plan.aspx
View our Municipal code page,/en/bylaws-and-enforcement/municipal-code.aspx
View our Code of conduct page,/en/council-and-city-administration/code-of-conduct.aspx
View our Traffic calming page,/en/roads-and-cycling/traffic-calming.aspx
View our Leaf collection schedule page,/en/living-in-kitchener/leaf-collection-schedule.aspx
View our Christkindl Market entertainment page,/en/arts-culture-and-events/christkindl-market-entertainment.aspx
View our Life Made Accessible page,/en/recreation-and-sports/life-made-accessible.aspx
View our Publication advertising page,/en/business-in-kitchener/publication-advertising.aspx
View our Pay for hourly parking page,/en/parking/pay-for-hourly-parking.aspx
View our Fire safety page,/en/development-and-construction/fire-safety.aspx
View our Park dedication page,/en/development-and-construction/park-dedication.aspx
View our How to report a problem or make a bylaw complaint page,/en/bylaws-and-enforcement/how-to-report-a-problem-or-make-a-bylaw-complaint.aspx
View our Senior day program page,/en/recreation-and-sports/senior-day-program.aspx
View our Plans page,/en/strategic-plans-and-projects/plans.aspx
View our Standard details and guides page,/en/development-and-construction/standard-details.aspx
View our Guides page,/en/jobs-and-volunteering/guides.aspx
Growing Together,/en/strategic-plans-and-projects/growing-together.aspx
View our Bylaw guide page,/en/bylaws-and-enforcement/bylaw-guide.aspx
View our Public art collection page,/en/arts-culture-and-events/public-art-collection.aspx
View our Golf leagues page,/en/recreation-and-sports/golf-leagues.aspx
View our Every Kid Counts page,/en/recreation-and-sports/every-kid-counts.aspx
View our Visit Christkindl Market page,/en/arts-culture-and-events/visit-christkindl-market.aspx
View our inclusion support page,/en/recreation-and-sports/inclusion-support.aspx
View our Mayor and council page,/en/council-and-city-administration/mayor-and-council.aspx
View our Civic engagement page,/en/council-and-city-administration/civic-engagement.aspx
Licences,/en/business-in-kitchener/licences.aspx
View our Senior of the year page,/en/council-and-city-administration/senior-of-the-year.aspx
View our Development and construction page,/en/development-and-construction.aspx
View our Planning around rapid transit (PARTS) page,/en/strategic-plans-and-projects/planning-around-rapid-transit.aspx
View our Awards and recognition programs page,/en/council-and-city-administration/awards-and-recognition-programs.aspx
View our 2019-2022 Strategic Plan progress page,/en/strategic-plans-and-projects/2019-2022-strategic-plan-progress.aspx
View our Park development and improvements page,/en/strategic-plans-and-projects/park-development-and-improvements.aspx
View our Sanitary and stormwater system alterations page,/en/development-and-construction/sanitary-and-stormwater-system-alterations.aspx
View our Committee of adjustment page,/en/building-and-renovating/committee-of-adjustment.aspx
View our Councillor Christine Michaud page,/en/council-and-city-administration/councillor-christine-michaud.aspx
View our Active permits and interactive mapping page,/en/development-and-construction/active-permits-and-interactive-mapping.aspx
View our Neighbourhood associations page,/en/living-in-kitchener/neighbourhood-associations.aspx
View our My Ideal City page,/en/council-and-city-administration/my-ideal-city.aspx
Smoke and CO alarm safety,/en/living-in-kitchener/fire-and-carbon-monoxide-alarms.aspx
View our Potholes page,/en/roads-and-cycling/potholes.aspx
View our Rockway Golf Course page,/en/recreation-and-sports/rockway-golf-course.aspx
View our Rotunda Gallery page,/en/arts-culture-and-events/rotunda-gallery.aspx
View our Bike events page,/en/arts-culture-and-events/bike-events.aspx
View our How to apply for a marriage licence page,/en/living-in-kitchener/how-to-apply-for-a-marriage-licence.aspx
View our Forest Heights Community Centre page,/en/recreation-and-sports/forest-heights-community-centre.aspx
View our Marriage and divorce page,/en/living-in-kitchener/marriage-and-divorce.aspx
View our Planning resources page,/en/development-and-construction/planning-resources.aspx
"View our Theatres, museums and galleries page",/en/arts-culture-and-events/theatres-museums-and-galleries.aspx
View our City departments page,/en/council-and-city-administration/city-departments.aspx
View our When you need a building permit page,/en/building-and-renovating/when-you-need-a-building-permit.aspx
View our ActiveNet questions page,/en/recreation-and-sports/activenet-questions.aspx
View our Temporary pop-up park Downtown Kitchener engages residents on the future of parks and open spaces  page,/en/news/temporary-pop-up-park-downtown-kitchener-engages-residents-on-the-future-of-parks-and-open-spaces.aspx
View our Councillor Margaret Johnston page,/en/council-and-city-administration/councillor-margaret-johnston.aspx
View our Accessible golf carts page,/en/recreation-and-sports/accessible-golf-carts.aspx
View our Book free space page,/en/recreation-and-sports/book-free-space.aspx
View our Standing committees page,/en/council-and-city-administration/standing-committees.aspx
Green fees,/en/recreation-and-sports/green-fees.aspx
Visit our development and construction page,/en/development-and-construction.aspx
View our Official Plan page,/en/development-and-construction/official-plan.aspx
Pools and swimming,/en/pools-and-swimming.aspx
Resources for builders and developers,/en/development-and-construction/resources-for-builders-and-developers.aspx
View our Rockway Centre page,/en/recreation-and-sports/rockway-centre.aspx
View our Fire safety plans page,/en/development-and-construction/fire-safety-plans.aspx
View our Leisure facilities master plan page,/en/strategic-plans-and-projects/leisure-facilities-master-plan.aspx
View our Neighbours Day page,/en/arts-culture-and-events/neighbours-day.aspx
View our Transparency page,/en/council-and-city-administration/transparency.aspx
View our Pollinators page,/en/water-and-environment/pollinators.aspx
View our Business Heritage Awards page,/en/council-and-city-administration/business-heritage-awards.aspx
View our Personal assistance for leisure activities (PAL) page,/en/recreation-and-sports/personal-assistance-for-leisure-activities.aspx
Freedom of information,/en/council-and-city-administration/freedom-of-information.aspx
View our Remuneration and expenses page,/en/taxes-utilities-and-finance/remuneration-and-expenses.aspx
View our Stormwater utility page,/en/water-and-environment/stormwater-utility.aspx
View our Calls for proposals page,/en/arts-culture-and-events/calls-for-proposals.aspx
View our Heritage best practices page,/en/development-and-construction/heritage-best-practices.aspx
View our Parking and non-parking tickets page,/en/parking/parking-tickets.aspx
View our Projects page,/en/strategic-plans-and-projects/projects.aspx
View our Audited financial statements page,/en/taxes-utilities-and-finance/audited-financial-statements.aspx
View our 2024 budget page,/en/taxes-utilities-and-finance/2024-budget.aspx
View our Plan of subdivision page,/en/development-and-construction/plan-of-subdivision.aspx
,/en/arts-culture-and-events/rental-spaces.aspx
View our Skating page,/en/recreation-and-sports/skating.aspx
View our Grillefest page,/en/arts-culture-and-events/grillefest.aspx
View our Spongy moth page,/en/water-and-environment/spongy-moth.aspx
View our How to request inclusion support page,/en/recreation-and-sports/how-to-request-inclusion-support.aspx
Strategic plans and projects,/en/strategic-plans-and-projects.aspx
View our Dom Cardillo Trail page,/en/parks-and-trails/dom-cardillo-trail.aspx
View our Good Neighbour recognition program page,/en/council-and-city-administration/good-neighbour-recognition-program.aspx
View our Trails page,/en/parks-and-trails/trails.aspx
View our Book an appointment page,/en/council-and-city-administration/book-an-appointment.aspx
Golf Academy,/en/recreation-and-sports/kitchener-golf-academy.aspx
View our Golf clubhouses page,/en/recreation-and-sports/golf-clubhouses.aspx
View our Warming centres page,/en/living-in-kitchener/warming-centres.aspx
Projects,/en/strategic-plans-and-projects/projects.aspx
Swimming lessons and programs,/en/pools-and-swimming/swimming-lessons-and-programs.aspx
View our Flu and pandemic prevention page,/en/living-in-kitchener/flu-and-pandemic-prevention.aspx
View our Decision making process page,/en/council-and-city-administration/decision-making-process.aspx
Fire escape planning,/en/living-in-kitchener/escape-plans.aspx
Click to return to the homepage,/en/index.aspx
,/en/arts-culture-and-events/kidspark.aspx
View our How to use secure bike parking page,/en/roads-and-cycling/how-to-use-secure-bike-parking.aspx
Senior day program,/en/recreation-and-sports/senior-day-program.aspx
Accessibility and inclusion,/en/recreation-and-sports/accessibility-and-inclusion.aspx
View our National Indigenous History Month page,/en/arts-culture-and-events/national-indigenous-history-month.aspx
View our Audit and accountability fund page,/en/strategic-plans-and-projects/audit-and-accountability-fund.aspx
View our Brownfield incentive program page,/en/taxes-utilities-and-finance/brownfield-incentive-program.aspx
Council and committee meetings,/en/council-and-city-administration/council-and-committee-meetings.aspx
"View our How to contact staff, council or the mayor page",/en/council-and-city-administration/how-to-contact-staff-council-or-the-mayor.aspx
View our Public art page,/en/arts-culture-and-events/public-art.aspx
View our How to make a property standards complaint page,/en/bylaws-and-enforcement/how-to-make-a-property-standards-complaint.aspx
View our Plogging in Kitchener page,/en/parks-and-trails/plogging-in-kitchener.aspx
View our Data and maps page,/en/council-and-city-administration/data-and-maps.aspx
View our Snow removal questions page,/en/living-in-kitchener/snow-removal-questions.aspx
